Promotion Name ,Promotion Description
AutomationCheckoutCopy236,AutomationCheckoutCopy236
AutomationCheckoutCopy237,AutomationCheckoutCopy237
AutomationCheckoutCopy238,AutomationCheckoutCopy238
AutomationCheckoutCopy239,AutomationCheckoutCopy239
AutomationCheckoutCopy240,AutomationCheckoutCopy240
AutomationCheckoutCopy241,AutomationCheckoutCopy241
AutomationCheckoutCopy242,AutomationCheckoutCopy242
AutomationCheckoutCopy243,AutomationCheckoutCopy243
AutomationCheckoutCopy244,AutomationCheckoutCopy244
AutomationCheckoutCopy245,AutomationCheckoutCopy245
AutomationCheckoutCopy246,AutomationCheckoutCopy246
AutomationCheckoutCopy247,AutomationCheckoutCopy247
AutomationCheckoutCopy248,AutomationCheckoutCopy248
AutomationCheckoutCopy249,AutomationCheckoutCopy249
AutomationCheckoutCopy250,AutomationCheckoutCopy250
AutomationCheckoutCopy251,AutomationCheckoutCopy251
AutomationCheckoutCopy252,AutomationCheckoutCopy252
AutomationCheckoutCopy253,AutomationCheckoutCopy253
AutomationCheckoutCopy254,AutomationCheckoutCopy254
AutomationCheckoutCopy255,AutomationCheckoutCopy255
AutomationCheckoutCopy256,AutomationCheckoutCopy256
AutomationCheckoutCopy257,AutomationCheckoutCopy257
AutomationCheckoutCopy258,AutomationCheckoutCopy258
AutomationCheckoutCopy259,AutomationCheckoutCopy259
AutomationCheckoutCopy260,AutomationCheckoutCopy260
AutomationCheckoutCopy261,AutomationCheckoutCopy261
AutomationCheckoutCopy262,AutomationCheckoutCopy262
AutomationCheckoutCopy263,AutomationCheckoutCopy263
AutomationCheckoutCopy264,AutomationCheckoutCopy264
AutomationCheckoutCopy265,AutomationCheckoutCopy265
AutomationCheckoutCopy266,AutomationCheckoutCopy266
AutomationCheckoutCopy267,AutomationCheckoutCopy267
AutomationCheckoutCopy268,AutomationCheckoutCopy268
AutomationCheckoutCopy269,AutomationCheckoutCopy269
AutomationCheckoutCopy270,AutomationCheckoutCopy270
AutomationCheckoutCopy271,AutomationCheckoutCopy271
AutomationCheckoutCopy272,AutomationCheckoutCopy272
AutomationCheckoutCopy273,AutomationCheckoutCopy273
AutomationCheckoutCopy274,AutomationCheckoutCopy274
AutomationCheckoutCopy275,AutomationCheckoutCopy275
AutomationCheckoutCopy276,AutomationCheckoutCopy276
AutomationCheckoutCopy277,AutomationCheckoutCopy277
AutomationCheckoutCopy278,AutomationCheckoutCopy278
AutomationCheckoutCopy279,AutomationCheckoutCopy279
AutomationCheckoutCopy280,AutomationCheckoutCopy280
AutomationCheckoutCopy281,AutomationCheckoutCopy281
AutomationCheckoutCopy282,AutomationCheckoutCopy282
AutomationCheckoutCopy283,AutomationCheckoutCopy283
AutomationCheckoutCopy284,AutomationCheckoutCopy284
AutomationCheckoutCopy285,AutomationCheckoutCopy285
AutomationCheckoutCopy286,AutomationCheckoutCopy286
AutomationCheckoutCopy287,AutomationCheckoutCopy287
AutomationCheckoutCopy288,AutomationCheckoutCopy288
AutomationCheckoutCopy289,AutomationCheckoutCopy289
AutomationCheckoutCopy290,AutomationCheckoutCopy290
AutomationCheckoutCopy291,AutomationCheckoutCopy291
AutomationCheckoutCopy292,AutomationCheckoutCopy292
AutomationCheckoutCopy293,AutomationCheckoutCopy293
AutomationCheckoutCopy294,AutomationCheckoutCopy294
AutomationCheckoutCopy295,AutomationCheckoutCopy295
AutomationCheckoutCopy296,AutomationCheckoutCopy296
AutomationCheckoutCopy297,AutomationCheckoutCopy297
AutomationCheckoutCopy298,AutomationCheckoutCopy298
AutomationCheckoutCopy299,AutomationCheckoutCopy299
AutomationCheckoutCopy300,AutomationCheckoutCopy300
AutomationCheckoutCopy301,AutomationCheckoutCopy301
AutomationCheckoutCopy302,AutomationCheckoutCopy302
AutomationCheckoutCopy303,AutomationCheckoutCopy303
AutomationCheckoutCopy304,AutomationCheckoutCopy304
AutomationCheckoutCopy305,AutomationCheckoutCopy305
AutomationCheckoutCopy306,AutomationCheckoutCopy306
AutomationCheckoutCopy307,AutomationCheckoutCopy307
AutomationCheckoutCopy308,AutomationCheckoutCopy308
AutomationCheckoutCopy309,AutomationCheckoutCopy309
AutomationCheckoutCopy310,AutomationCheckoutCopy310
AutomationCheckoutCopy311,AutomationCheckoutCopy311
AutomationCheckoutCopy312,AutomationCheckoutCopy312
AutomationCheckoutCopy313,AutomationCheckoutCopy313
AutomationCheckoutCopy314,AutomationCheckoutCopy314
AutomationCheckoutCopy315,AutomationCheckoutCopy315
AutomationCheckoutCopy316,AutomationCheckoutCopy316
AutomationCheckoutCopy317,AutomationCheckoutCopy317
AutomationCheckoutCopy318,AutomationCheckoutCopy318
AutomationCheckoutCopy319,AutomationCheckoutCopy319
AutomationCheckoutCopy320,AutomationCheckoutCopy320
AutomationCheckoutCopy321,AutomationCheckoutCopy321
AutomationCheckoutCopy322,AutomationCheckoutCopy322
AutomationCheckoutCopy323,AutomationCheckoutCopy323
AutomationCheckoutCopy324,AutomationCheckoutCopy324
AutomationCheckoutCopy325,AutomationCheckoutCopy325
AutomationCheckoutCopy326,AutomationCheckoutCopy326
AutomationCheckoutCopy327,AutomationCheckoutCopy327
AutomationCheckoutCopy328,AutomationCheckoutCopy328
AutomationCheckoutCopy329,AutomationCheckoutCopy329
AutomationCheckoutCopy330,AutomationCheckoutCopy330
AutomationCheckoutCopy331,AutomationCheckoutCopy331
AutomationCheckoutCopy332,AutomationCheckoutCopy332
AutomationCheckoutCopy333,AutomationCheckoutCopy333
AutomationCheckoutCopy334,AutomationCheckoutCopy334
AutomationCheckoutCopy335,AutomationCheckoutCopy335
AutomationCheckoutCopy336,AutomationCheckoutCopy336
AutomationCheckoutCopy337,AutomationCheckoutCopy337
AutomationCheckoutCopy338,AutomationCheckoutCopy338
AutomationCheckoutCopy339,AutomationCheckoutCopy339
AutomationCheckoutCopy340,AutomationCheckoutCopy340
AutomationCheckoutCopy341,AutomationCheckoutCopy341
AutomationCheckoutCopy342,AutomationCheckoutCopy342
AutomationCheckoutCopy343,AutomationCheckoutCopy343
AutomationCheckoutCopy344,AutomationCheckoutCopy344
AutomationCheckoutCopy345,AutomationCheckoutCopy345
AutomationCheckoutCopy346,AutomationCheckoutCopy346
AutomationCheckoutCopy347,AutomationCheckoutCopy347
AutomationCheckoutCopy348,AutomationCheckoutCopy348
AutomationCheckoutCopy349,AutomationCheckoutCopy349
AutomationCheckoutCopy350,AutomationCheckoutCopy350
AutomationCheckoutCopy351,AutomationCheckoutCopy351
AutomationCheckoutCopy352,AutomationCheckoutCopy352
AutomationCheckoutCopy353,AutomationCheckoutCopy353
AutomationCheckoutCopy354,AutomationCheckoutCopy354
AutomationCheckoutCopy355,AutomationCheckoutCopy355
AutomationCheckoutCopy356,AutomationCheckoutCopy356
AutomationCheckoutCopy357,AutomationCheckoutCopy357
AutomationCheckoutCopy358,AutomationCheckoutCopy358
AutomationCheckoutCopy359,AutomationCheckoutCopy359
AutomationCheckoutCopy360,AutomationCheckoutCopy360
AutomationCheckoutCopy361,AutomationCheckoutCopy361
AutomationCheckoutCopy362,AutomationCheckoutCopy362
AutomationCheckoutCopy363,AutomationCheckoutCopy363
AutomationCheckoutCopy364,AutomationCheckoutCopy364
AutomationCheckoutCopy365,AutomationCheckoutCopy365
AutomationCheckoutCopy366,AutomationCheckoutCopy366
AutomationCheckoutCopy367,AutomationCheckoutCopy367
AutomationCheckoutCopy368,AutomationCheckoutCopy368
AutomationCheckoutCopy369,AutomationCheckoutCopy369
AutomationCheckoutCopy370,AutomationCheckoutCopy370
AutomationCheckoutCopy371,AutomationCheckoutCopy371
AutomationCheckoutCopy372,AutomationCheckoutCopy372
AutomationCheckoutCopy373,AutomationCheckoutCopy373
AutomationCheckoutCopy374,AutomationCheckoutCopy374
AutomationCheckoutCopy375,AutomationCheckoutCopy375
AutomationCheckoutCopy376,AutomationCheckoutCopy376
AutomationCheckoutCopy377,AutomationCheckoutCopy377
AutomationCheckoutCopy378,AutomationCheckoutCopy378
AutomationCheckoutCopy379,AutomationCheckoutCopy379
AutomationCheckoutCopy380,AutomationCheckoutCopy380
AutomationCheckoutCopy381,AutomationCheckoutCopy381
AutomationCheckoutCopy382,AutomationCheckoutCopy382
AutomationCheckoutCopy383,AutomationCheckoutCopy383
AutomationCheckoutCopy384,AutomationCheckoutCopy384
AutomationCheckoutCopy385,AutomationCheckoutCopy385
AutomationCheckoutCopy386,AutomationCheckoutCopy386
AutomationCheckoutCopy387,AutomationCheckoutCopy387
AutomationCheckoutCopy388,AutomationCheckoutCopy388
AutomationCheckoutCopy389,AutomationCheckoutCopy389
AutomationCheckoutCopy390,AutomationCheckoutCopy390
AutomationCheckoutCopy391,AutomationCheckoutCopy391
AutomationCheckoutCopy392,AutomationCheckoutCopy392
AutomationCheckoutCopy393,AutomationCheckoutCopy393
AutomationCheckoutCopy394,AutomationCheckoutCopy394
AutomationCheckoutCopy395,AutomationCheckoutCopy395
AutomationCheckoutCopy396,AutomationCheckoutCopy396
AutomationCheckoutCopy397,AutomationCheckoutCopy397
AutomationCheckoutCopy398,AutomationCheckoutCopy398
AutomationCheckoutCopy399,AutomationCheckoutCopy399
AutomationCheckoutCopy400,AutomationCheckoutCopy400
AutomationCheckoutCopy401,AutomationCheckoutCopy401
AutomationCheckoutCopy402,AutomationCheckoutCopy402
AutomationCheckoutCopy403,AutomationCheckoutCopy403
AutomationCheckoutCopy404,AutomationCheckoutCopy404
AutomationCheckoutCopy405,AutomationCheckoutCopy405
AutomationCheckoutCopy406,AutomationCheckoutCopy406
AutomationCheckoutCopy407,AutomationCheckoutCopy407
AutomationCheckoutCopy408,AutomationCheckoutCopy408
AutomationCheckoutCopy409,AutomationCheckoutCopy409
AutomationCheckoutCopy410,AutomationCheckoutCopy410
AutomationCheckoutCopy411,AutomationCheckoutCopy411
AutomationCheckoutCopy412,AutomationCheckoutCopy412
AutomationCheckoutCopy413,AutomationCheckoutCopy413
AutomationCheckoutCopy414,AutomationCheckoutCopy414
AutomationCheckoutCopy415,AutomationCheckoutCopy415
AutomationCheckoutCopy416,AutomationCheckoutCopy416
AutomationCheckoutCopy417,AutomationCheckoutCopy417
AutomationCheckoutCopy418,AutomationCheckoutCopy418
AutomationCheckoutCopy419,AutomationCheckoutCopy419
AutomationCheckoutCopy420,AutomationCheckoutCopy420
AutomationCheckoutCopy421,AutomationCheckoutCopy421
AutomationCheckoutCopy422,AutomationCheckoutCopy422
AutomationCheckoutCopy423,AutomationCheckoutCopy423
AutomationCheckoutCopy424,AutomationCheckoutCopy424
AutomationCheckoutCopy425,AutomationCheckoutCopy425
AutomationCheckoutCopy426,AutomationCheckoutCopy426
AutomationCheckoutCopy427,AutomationCheckoutCopy427
AutomationCheckoutCopy428,AutomationCheckoutCopy428
AutomationCheckoutCopy429,AutomationCheckoutCopy429
AutomationCheckoutCopy430,AutomationCheckoutCopy430
AutomationCheckoutCopy431,AutomationCheckoutCopy431
AutomationCheckoutCopy432,AutomationCheckoutCopy432
AutomationCheckoutCopy433,AutomationCheckoutCopy433
AutomationCheckoutCopy434,AutomationCheckoutCopy434
AutomationCheckoutCopy435,AutomationCheckoutCopy435
AutomationCheckoutCopy436,AutomationCheckoutCopy436
AutomationCheckoutCopy437,AutomationCheckoutCopy437
AutomationCheckoutCopy438,AutomationCheckoutCopy438
AutomationCheckoutCopy439,AutomationCheckoutCopy439
AutomationCheckoutCopy440,AutomationCheckoutCopy440
AutomationCheckoutCopy441,AutomationCheckoutCopy441
AutomationCheckoutCopy442,AutomationCheckoutCopy442
AutomationCheckoutCopy443,AutomationCheckoutCopy443
AutomationCheckoutCopy444,AutomationCheckoutCopy444
AutomationCheckoutCopy445,AutomationCheckoutCopy445
AutomationCheckoutCopy446,AutomationCheckoutCopy446
AutomationCheckoutCopy447,AutomationCheckoutCopy447
AutomationCheckoutCopy448,AutomationCheckoutCopy448
AutomationCheckoutCopy449,AutomationCheckoutCopy449
AutomationCheckoutCopy450,AutomationCheckoutCopy450
AutomationCheckoutCopy451,AutomationCheckoutCopy451
AutomationCheckoutCopy452,AutomationCheckoutCopy452
AutomationCheckoutCopy453,AutomationCheckoutCopy453
AutomationCheckoutCopy454,AutomationCheckoutCopy454
AutomationCheckoutCopy455,AutomationCheckoutCopy455
AutomationCheckoutCopy456,AutomationCheckoutCopy456
AutomationCheckoutCopy457,AutomationCheckoutCopy457
AutomationCheckoutCopy458,AutomationCheckoutCopy458
AutomationCheckoutCopy459,AutomationCheckoutCopy459
AutomationCheckoutCopy460,AutomationCheckoutCopy460
AutomationCheckoutCopy461,AutomationCheckoutCopy461
AutomationCheckoutCopy462,AutomationCheckoutCopy462
AutomationCheckoutCopy463,AutomationCheckoutCopy463
AutomationCheckoutCopy464,AutomationCheckoutCopy464
AutomationCheckoutCopy465,AutomationCheckoutCopy465
AutomationCheckoutCopy466,AutomationCheckoutCopy466
AutomationCheckoutCopy467,AutomationCheckoutCopy467
AutomationCheckoutCopy468,AutomationCheckoutCopy468
AutomationCheckoutCopy469,AutomationCheckoutCopy469
AutomationCheckoutCopy470,AutomationCheckoutCopy470
AutomationCheckoutCopy471,AutomationCheckoutCopy471
AutomationCheckoutCopy472,AutomationCheckoutCopy472
AutomationCheckoutCopy473,AutomationCheckoutCopy473
AutomationCheckoutCopy474,AutomationCheckoutCopy474
AutomationCheckoutCopy475,AutomationCheckoutCopy475
AutomationCheckoutCopy476,AutomationCheckoutCopy476
AutomationCheckoutCopy477,AutomationCheckoutCopy477
AutomationCheckoutCopy478,AutomationCheckoutCopy478
AutomationCheckoutCopy479,AutomationCheckoutCopy479
AutomationCheckoutCopy480,AutomationCheckoutCopy480
AutomationCheckoutCopy481,AutomationCheckoutCopy481
AutomationCheckoutCopy482,AutomationCheckoutCopy482
AutomationCheckoutCopy483,AutomationCheckoutCopy483
AutomationCheckoutCopy484,AutomationCheckoutCopy484
AutomationCheckoutCopy485,AutomationCheckoutCopy485
AutomationCheckoutCopy486,AutomationCheckoutCopy486
AutomationCheckoutCopy487,AutomationCheckoutCopy487
AutomationCheckoutCopy488,AutomationCheckoutCopy488
AutomationCheckoutCopy489,AutomationCheckoutCopy489
AutomationCheckoutCopy490,AutomationCheckoutCopy490
AutomationCheckoutCopy491,AutomationCheckoutCopy491
AutomationCheckoutCopy492,AutomationCheckoutCopy492
AutomationCheckoutCopy493,AutomationCheckoutCopy493
AutomationCheckoutCopy494,AutomationCheckoutCopy494
AutomationCheckoutCopy495,AutomationCheckoutCopy495
AutomationCheckoutCopy496,AutomationCheckoutCopy496
AutomationCheckoutCopy497,AutomationCheckoutCopy497
AutomationCheckoutCopy498,AutomationCheckoutCopy498
AutomationCheckoutCopy499,AutomationCheckoutCopy499
AutomationCheckoutCopy500,AutomationCheckoutCopy500
AutomationCheckoutCopy501,AutomationCheckoutCopy501
AutomationCheckoutCopy502,AutomationCheckoutCopy502
AutomationCheckoutCopy503,AutomationCheckoutCopy503
AutomationCheckoutCopy504,AutomationCheckoutCopy504
AutomationCheckoutCopy505,AutomationCheckoutCopy505
AutomationCheckoutCopy506,AutomationCheckoutCopy506
AutomationCheckoutCopy507,AutomationCheckoutCopy507
AutomationCheckoutCopy508,AutomationCheckoutCopy508
AutomationCheckoutCopy509,AutomationCheckoutCopy509
AutomationCheckoutCopy510,AutomationCheckoutCopy510
AutomationCheckoutCopy511,AutomationCheckoutCopy511
AutomationCheckoutCopy512,AutomationCheckoutCopy512
AutomationCheckoutCopy513,AutomationCheckoutCopy513
AutomationCheckoutCopy514,AutomationCheckoutCopy514
AutomationCheckoutCopy515,AutomationCheckoutCopy515
AutomationCheckoutCopy516,AutomationCheckoutCopy516
AutomationCheckoutCopy517,AutomationCheckoutCopy517
AutomationCheckoutCopy518,AutomationCheckoutCopy518
AutomationCheckoutCopy519,AutomationCheckoutCopy519
AutomationCheckoutCopy520,AutomationCheckoutCopy520
AutomationCheckoutCopy521,AutomationCheckoutCopy521
AutomationCheckoutCopy522,AutomationCheckoutCopy522
AutomationCheckoutCopy523,AutomationCheckoutCopy523
AutomationCheckoutCopy524,AutomationCheckoutCopy524
AutomationCheckoutCopy525,AutomationCheckoutCopy525
AutomationCheckoutCopy526,AutomationCheckoutCopy526
AutomationCheckoutCopy527,AutomationCheckoutCopy527
AutomationCheckoutCopy528,AutomationCheckoutCopy528
AutomationCheckoutCopy529,AutomationCheckoutCopy529
AutomationCheckoutCopy530,AutomationCheckoutCopy530
AutomationCheckoutCopy531,AutomationCheckoutCopy531
AutomationCheckoutCopy532,AutomationCheckoutCopy532
AutomationCheckoutCopy533,AutomationCheckoutCopy533
AutomationCheckoutCopy534,AutomationCheckoutCopy534
AutomationCheckoutCopy535,AutomationCheckoutCopy535
AutomationCheckoutCopy536,AutomationCheckoutCopy536
AutomationCheckoutCopy537,AutomationCheckoutCopy537
AutomationCheckoutCopy538,AutomationCheckoutCopy538
AutomationCheckoutCopy539,AutomationCheckoutCopy539
AutomationCheckoutCopy540,AutomationCheckoutCopy540
AutomationCheckoutCopy541,AutomationCheckoutCopy541
AutomationCheckoutCopy542,AutomationCheckoutCopy542
AutomationCheckoutCopy543,AutomationCheckoutCopy543
AutomationCheckoutCopy544,AutomationCheckoutCopy544
AutomationCheckoutCopy545,AutomationCheckoutCopy545
AutomationCheckoutCopy546,AutomationCheckoutCopy546
AutomationCheckoutCopy547,AutomationCheckoutCopy547
AutomationCheckoutCopy548,AutomationCheckoutCopy548
AutomationCheckoutCopy549,AutomationCheckoutCopy549
AutomationCheckoutCopy550,AutomationCheckoutCopy550
AutomationCheckoutCopy551,AutomationCheckoutCopy551
AutomationCheckoutCopy552,AutomationCheckoutCopy552
AutomationCheckoutCopy553,AutomationCheckoutCopy553
AutomationCheckoutCopy554,AutomationCheckoutCopy554
AutomationCheckoutCopy555,AutomationCheckoutCopy555
AutomationCheckoutCopy556,AutomationCheckoutCopy556
AutomationCheckoutCopy557,AutomationCheckoutCopy557
AutomationCheckoutCopy558,AutomationCheckoutCopy558
AutomationCheckoutCopy559,AutomationCheckoutCopy559
AutomationCheckoutCopy560,AutomationCheckoutCopy560
AutomationCheckoutCopy561,AutomationCheckoutCopy561
AutomationCheckoutCopy562,AutomationCheckoutCopy562
AutomationCheckoutCopy563,AutomationCheckoutCopy563
AutomationCheckoutCopy564,AutomationCheckoutCopy564
AutomationCheckoutCopy565,AutomationCheckoutCopy565
AutomationCheckoutCopy566,AutomationCheckoutCopy566
AutomationCheckoutCopy567,AutomationCheckoutCopy567
AutomationCheckoutCopy568,AutomationCheckoutCopy568
AutomationCheckoutCopy569,AutomationCheckoutCopy569
AutomationCheckoutCopy570,AutomationCheckoutCopy570
AutomationCheckoutCopy571,AutomationCheckoutCopy571
AutomationCheckoutCopy572,AutomationCheckoutCopy572
AutomationCheckoutCopy573,AutomationCheckoutCopy573
AutomationCheckoutCopy574,AutomationCheckoutCopy574
AutomationCheckoutCopy575,AutomationCheckoutCopy575
AutomationCheckoutCopy576,AutomationCheckoutCopy576
AutomationCheckoutCopy577,AutomationCheckoutCopy577
AutomationCheckoutCopy578,AutomationCheckoutCopy578
AutomationCheckoutCopy579,AutomationCheckoutCopy579
AutomationCheckoutCopy580,AutomationCheckoutCopy580
AutomationCheckoutCopy581,AutomationCheckoutCopy581
AutomationCheckoutCopy582,AutomationCheckoutCopy582
AutomationCheckoutCopy583,AutomationCheckoutCopy583
AutomationCheckoutCopy584,AutomationCheckoutCopy584
AutomationCheckoutCopy585,AutomationCheckoutCopy585
AutomationCheckoutCopy586,AutomationCheckoutCopy586
AutomationCheckoutCopy587,AutomationCheckoutCopy587
AutomationCheckoutCopy588,AutomationCheckoutCopy588
AutomationCheckoutCopy589,AutomationCheckoutCopy589
AutomationCheckoutCopy590,AutomationCheckoutCopy590
AutomationCheckoutCopy591,AutomationCheckoutCopy591
AutomationCheckoutCopy592,AutomationCheckoutCopy592
AutomationCheckoutCopy593,AutomationCheckoutCopy593
AutomationCheckoutCopy594,AutomationCheckoutCopy594
AutomationCheckoutCopy595,AutomationCheckoutCopy595
AutomationCheckoutCopy596,AutomationCheckoutCopy596
AutomationCheckoutCopy597,AutomationCheckoutCopy597
AutomationCheckoutCopy598,AutomationCheckoutCopy598
AutomationCheckoutCopy599,AutomationCheckoutCopy599
AutomationCheckoutCopy600,AutomationCheckoutCopy600
AutomationCheckoutCopy601,AutomationCheckoutCopy601
AutomationCheckoutCopy602,AutomationCheckoutCopy602
AutomationCheckoutCopy603,AutomationCheckoutCopy603
AutomationCheckoutCopy604,AutomationCheckoutCopy604
AutomationCheckoutCopy605,AutomationCheckoutCopy605
AutomationCheckoutCopy606,AutomationCheckoutCopy606
AutomationCheckoutCopy607,AutomationCheckoutCopy607
AutomationCheckoutCopy608,AutomationCheckoutCopy608
AutomationCheckoutCopy609,AutomationCheckoutCopy609
AutomationCheckoutCopy610,AutomationCheckoutCopy610
AutomationCheckoutCopy611,AutomationCheckoutCopy611
AutomationCheckoutCopy612,AutomationCheckoutCopy612
AutomationCheckoutCopy613,AutomationCheckoutCopy613
AutomationCheckoutCopy614,AutomationCheckoutCopy614
AutomationCheckoutCopy615,AutomationCheckoutCopy615
AutomationCheckoutCopy616,AutomationCheckoutCopy616
AutomationCheckoutCopy617,AutomationCheckoutCopy617
AutomationCheckoutCopy618,AutomationCheckoutCopy618
AutomationCheckoutCopy619,AutomationCheckoutCopy619
AutomationCheckoutCopy620,AutomationCheckoutCopy620
AutomationCheckoutCopy621,AutomationCheckoutCopy621
AutomationCheckoutCopy622,AutomationCheckoutCopy622
AutomationCheckoutCopy623,AutomationCheckoutCopy623
AutomationCheckoutCopy624,AutomationCheckoutCopy624
AutomationCheckoutCopy625,AutomationCheckoutCopy625
AutomationCheckoutCopy626,AutomationCheckoutCopy626
AutomationCheckoutCopy627,AutomationCheckoutCopy627
AutomationCheckoutCopy628,AutomationCheckoutCopy628
AutomationCheckoutCopy629,AutomationCheckoutCopy629
AutomationCheckoutCopy630,AutomationCheckoutCopy630
AutomationCheckoutCopy631,AutomationCheckoutCopy631
AutomationCheckoutCopy632,AutomationCheckoutCopy632
AutomationCheckoutCopy633,AutomationCheckoutCopy633
AutomationCheckoutCopy634,AutomationCheckoutCopy634
AutomationCheckoutCopy635,AutomationCheckoutCopy635
AutomationCheckoutCopy636,AutomationCheckoutCopy636
AutomationCheckoutCopy637,AutomationCheckoutCopy637
AutomationCheckoutCopy638,AutomationCheckoutCopy638
AutomationCheckoutCopy639,AutomationCheckoutCopy639
AutomationCheckoutCopy640,AutomationCheckoutCopy640
AutomationCheckoutCopy641,AutomationCheckoutCopy641
AutomationCheckoutCopy642,AutomationCheckoutCopy642
AutomationCheckoutCopy643,AutomationCheckoutCopy643
AutomationCheckoutCopy644,AutomationCheckoutCopy644
AutomationCheckoutCopy645,AutomationCheckoutCopy645
AutomationCheckoutCopy646,AutomationCheckoutCopy646
AutomationCheckoutCopy647,AutomationCheckoutCopy647
AutomationCheckoutCopy648,AutomationCheckoutCopy648
AutomationCheckoutCopy649,AutomationCheckoutCopy649
AutomationCheckoutCopy650,AutomationCheckoutCopy650
AutomationCheckoutCopy651,AutomationCheckoutCopy651
AutomationCheckoutCopy652,AutomationCheckoutCopy652
AutomationCheckoutCopy653,AutomationCheckoutCopy653
AutomationCheckoutCopy654,AutomationCheckoutCopy654
AutomationCheckoutCopy655,AutomationCheckoutCopy655
AutomationCheckoutCopy656,AutomationCheckoutCopy656
AutomationCheckoutCopy657,AutomationCheckoutCopy657
AutomationCheckoutCopy658,AutomationCheckoutCopy658
AutomationCheckoutCopy659,AutomationCheckoutCopy659
AutomationCheckoutCopy660,AutomationCheckoutCopy660
AutomationCheckoutCopy661,AutomationCheckoutCopy661
AutomationCheckoutCopy662,AutomationCheckoutCopy662
AutomationCheckoutCopy663,AutomationCheckoutCopy663
AutomationCheckoutCopy664,AutomationCheckoutCopy664
AutomationCheckoutCopy665,AutomationCheckoutCopy665
AutomationCheckoutCopy666,AutomationCheckoutCopy666
AutomationCheckoutCopy667,AutomationCheckoutCopy667
AutomationCheckoutCopy668,AutomationCheckoutCopy668
AutomationCheckoutCopy669,AutomationCheckoutCopy669
AutomationCheckoutCopy670,AutomationCheckoutCopy670
AutomationCheckoutCopy671,AutomationCheckoutCopy671
AutomationCheckoutCopy672,AutomationCheckoutCopy672
AutomationCheckoutCopy673,AutomationCheckoutCopy673
AutomationCheckoutCopy674,AutomationCheckoutCopy674
AutomationCheckoutCopy675,AutomationCheckoutCopy675
AutomationCheckoutCopy676,AutomationCheckoutCopy676
AutomationCheckoutCopy677,AutomationCheckoutCopy677
AutomationCheckoutCopy678,AutomationCheckoutCopy678
AutomationCheckoutCopy679,AutomationCheckoutCopy679
AutomationCheckoutCopy680,AutomationCheckoutCopy680
AutomationCheckoutCopy681,AutomationCheckoutCopy681
AutomationCheckoutCopy682,AutomationCheckoutCopy682
AutomationCheckoutCopy683,AutomationCheckoutCopy683
AutomationCheckoutCopy684,AutomationCheckoutCopy684
AutomationCheckoutCopy685,AutomationCheckoutCopy685
AutomationCheckoutCopy686,AutomationCheckoutCopy686
AutomationCheckoutCopy687,AutomationCheckoutCopy687
AutomationCheckoutCopy688,AutomationCheckoutCopy688
AutomationCheckoutCopy689,AutomationCheckoutCopy689
AutomationCheckoutCopy690,AutomationCheckoutCopy690
AutomationCheckoutCopy691,AutomationCheckoutCopy691
AutomationCheckoutCopy692,AutomationCheckoutCopy692
AutomationCheckoutCopy693,AutomationCheckoutCopy693
AutomationCheckoutCopy694,AutomationCheckoutCopy694
AutomationCheckoutCopy695,AutomationCheckoutCopy695
AutomationCheckoutCopy696,AutomationCheckoutCopy696
AutomationCheckoutCopy697,AutomationCheckoutCopy697
AutomationCheckoutCopy698,AutomationCheckoutCopy698
AutomationCheckoutCopy699,AutomationCheckoutCopy699
AutomationCheckoutCopy700,AutomationCheckoutCopy700
AutomationCheckoutCopy701,AutomationCheckoutCopy701
AutomationCheckoutCopy702,AutomationCheckoutCopy702
AutomationCheckoutCopy703,AutomationCheckoutCopy703
AutomationCheckoutCopy704,AutomationCheckoutCopy704
AutomationCheckoutCopy705,AutomationCheckoutCopy705
AutomationCheckoutCopy706,AutomationCheckoutCopy706
AutomationCheckoutCopy707,AutomationCheckoutCopy707
AutomationCheckoutCopy708,AutomationCheckoutCopy708
AutomationCheckoutCopy709,AutomationCheckoutCopy709
AutomationCheckoutCopy710,AutomationCheckoutCopy710
AutomationCheckoutCopy711,AutomationCheckoutCopy711
AutomationCheckoutCopy712,AutomationCheckoutCopy712
AutomationCheckoutCopy713,AutomationCheckoutCopy713
AutomationCheckoutCopy714,AutomationCheckoutCopy714
AutomationCheckoutCopy715,AutomationCheckoutCopy715
AutomationCheckoutCopy716,AutomationCheckoutCopy716
AutomationCheckoutCopy717,AutomationCheckoutCopy717
AutomationCheckoutCopy718,AutomationCheckoutCopy718
AutomationCheckoutCopy719,AutomationCheckoutCopy719
AutomationCheckoutCopy720,AutomationCheckoutCopy720
AutomationCheckoutCopy721,AutomationCheckoutCopy721
AutomationCheckoutCopy722,AutomationCheckoutCopy722
AutomationCheckoutCopy723,AutomationCheckoutCopy723
AutomationCheckoutCopy724,AutomationCheckoutCopy724
AutomationCheckoutCopy725,AutomationCheckoutCopy725
AutomationCheckoutCopy726,AutomationCheckoutCopy726
AutomationCheckoutCopy727,AutomationCheckoutCopy727
AutomationCheckoutCopy728,AutomationCheckoutCopy728
AutomationCheckoutCopy729,AutomationCheckoutCopy729
AutomationCheckoutCopy730,AutomationCheckoutCopy730
AutomationCheckoutCopy731,AutomationCheckoutCopy731
AutomationCheckoutCopy732,AutomationCheckoutCopy732
AutomationCheckoutCopy733,AutomationCheckoutCopy733
AutomationCheckoutCopy734,AutomationCheckoutCopy734
AutomationCheckoutCopy735,AutomationCheckoutCopy735
AutomationCheckoutCopy736,AutomationCheckoutCopy736
AutomationCheckoutCopy737,AutomationCheckoutCopy737
AutomationCheckoutCopy738,AutomationCheckoutCopy738
AutomationCheckoutCopy739,AutomationCheckoutCopy739
AutomationCheckoutCopy740,AutomationCheckoutCopy740
AutomationCheckoutCopy741,AutomationCheckoutCopy741
AutomationCheckoutCopy742,AutomationCheckoutCopy742
AutomationCheckoutCopy743,AutomationCheckoutCopy743
AutomationCheckoutCopy744,AutomationCheckoutCopy744
AutomationCheckoutCopy745,AutomationCheckoutCopy745
AutomationCheckoutCopy746,AutomationCheckoutCopy746
AutomationCheckoutCopy747,AutomationCheckoutCopy747
AutomationCheckoutCopy748,AutomationCheckoutCopy748
AutomationCheckoutCopy749,AutomationCheckoutCopy749
AutomationCheckoutCopy750,AutomationCheckoutCopy750
AutomationCheckoutCopy751,AutomationCheckoutCopy751
AutomationCheckoutCopy752,AutomationCheckoutCopy752
AutomationCheckoutCopy753,AutomationCheckoutCopy753
AutomationCheckoutCopy754,AutomationCheckoutCopy754
AutomationCheckoutCopy755,AutomationCheckoutCopy755
AutomationCheckoutCopy756,AutomationCheckoutCopy756
AutomationCheckoutCopy757,AutomationCheckoutCopy757
AutomationCheckoutCopy758,AutomationCheckoutCopy758
AutomationCheckoutCopy759,AutomationCheckoutCopy759
AutomationCheckoutCopy760,AutomationCheckoutCopy760
AutomationCheckoutCopy761,AutomationCheckoutCopy761
AutomationCheckoutCopy762,AutomationCheckoutCopy762
AutomationCheckoutCopy763,AutomationCheckoutCopy763
AutomationCheckoutCopy764,AutomationCheckoutCopy764
AutomationCheckoutCopy765,AutomationCheckoutCopy765
AutomationCheckoutCopy766,AutomationCheckoutCopy766
AutomationCheckoutCopy767,AutomationCheckoutCopy767
AutomationCheckoutCopy768,AutomationCheckoutCopy768
AutomationCheckoutCopy769,AutomationCheckoutCopy769
AutomationCheckoutCopy770,AutomationCheckoutCopy770
AutomationCheckoutCopy771,AutomationCheckoutCopy771
AutomationCheckoutCopy772,AutomationCheckoutCopy772
AutomationCheckoutCopy773,AutomationCheckoutCopy773
AutomationCheckoutCopy774,AutomationCheckoutCopy774
AutomationCheckoutCopy775,AutomationCheckoutCopy775
AutomationCheckoutCopy776,AutomationCheckoutCopy776
AutomationCheckoutCopy777,AutomationCheckoutCopy777
AutomationCheckoutCopy778,AutomationCheckoutCopy778
AutomationCheckoutCopy779,AutomationCheckoutCopy779
AutomationCheckoutCopy780,AutomationCheckoutCopy780
AutomationCheckoutCopy781,AutomationCheckoutCopy781
AutomationCheckoutCopy782,AutomationCheckoutCopy782
AutomationCheckoutCopy783,AutomationCheckoutCopy783
AutomationCheckoutCopy784,AutomationCheckoutCopy784
AutomationCheckoutCopy785,AutomationCheckoutCopy785
AutomationCheckoutCopy786,AutomationCheckoutCopy786
AutomationCheckoutCopy787,AutomationCheckoutCopy787
AutomationCheckoutCopy788,AutomationCheckoutCopy788
AutomationCheckoutCopy789,AutomationCheckoutCopy789
AutomationCheckoutCopy790,AutomationCheckoutCopy790
AutomationCheckoutCopy791,AutomationCheckoutCopy791
AutomationCheckoutCopy792,AutomationCheckoutCopy792
AutomationCheckoutCopy793,AutomationCheckoutCopy793
AutomationCheckoutCopy794,AutomationCheckoutCopy794
AutomationCheckoutCopy795,AutomationCheckoutCopy795
AutomationCheckoutCopy796,AutomationCheckoutCopy796
AutomationCheckoutCopy797,AutomationCheckoutCopy797
AutomationCheckoutCopy798,AutomationCheckoutCopy798
AutomationCheckoutCopy799,AutomationCheckoutCopy799
AutomationCheckoutCopy800,AutomationCheckoutCopy800
AutomationCheckoutCopy801,AutomationCheckoutCopy801
AutomationCheckoutCopy802,AutomationCheckoutCopy802
AutomationCheckoutCopy803,AutomationCheckoutCopy803
AutomationCheckoutCopy804,AutomationCheckoutCopy804
AutomationCheckoutCopy805,AutomationCheckoutCopy805
AutomationCheckoutCopy806,AutomationCheckoutCopy806
AutomationCheckoutCopy807,AutomationCheckoutCopy807
AutomationCheckoutCopy808,AutomationCheckoutCopy808
AutomationCheckoutCopy809,AutomationCheckoutCopy809
AutomationCheckoutCopy810,AutomationCheckoutCopy810
AutomationCheckoutCopy811,AutomationCheckoutCopy811
AutomationCheckoutCopy812,AutomationCheckoutCopy812
AutomationCheckoutCopy813,AutomationCheckoutCopy813
AutomationCheckoutCopy814,AutomationCheckoutCopy814
AutomationCheckoutCopy815,AutomationCheckoutCopy815
AutomationCheckoutCopy816,AutomationCheckoutCopy816
AutomationCheckoutCopy817,AutomationCheckoutCopy817
AutomationCheckoutCopy818,AutomationCheckoutCopy818
AutomationCheckoutCopy819,AutomationCheckoutCopy819
AutomationCheckoutCopy820,AutomationCheckoutCopy820
AutomationCheckoutCopy821,AutomationCheckoutCopy821
AutomationCheckoutCopy822,AutomationCheckoutCopy822
AutomationCheckoutCopy823,AutomationCheckoutCopy823
AutomationCheckoutCopy824,AutomationCheckoutCopy824
AutomationCheckoutCopy825,AutomationCheckoutCopy825
AutomationCheckoutCopy826,AutomationCheckoutCopy826
AutomationCheckoutCopy827,AutomationCheckoutCopy827
AutomationCheckoutCopy828,AutomationCheckoutCopy828
AutomationCheckoutCopy829,AutomationCheckoutCopy829
AutomationCheckoutCopy830,AutomationCheckoutCopy830
AutomationCheckoutCopy831,AutomationCheckoutCopy831
AutomationCheckoutCopy832,AutomationCheckoutCopy832
AutomationCheckoutCopy833,AutomationCheckoutCopy833
AutomationCheckoutCopy834,AutomationCheckoutCopy834
AutomationCheckoutCopy835,AutomationCheckoutCopy835
AutomationCheckoutCopy836,AutomationCheckoutCopy836
AutomationCheckoutCopy837,AutomationCheckoutCopy837
AutomationCheckoutCopy838,AutomationCheckoutCopy838
AutomationCheckoutCopy839,AutomationCheckoutCopy839
AutomationCheckoutCopy840,AutomationCheckoutCopy840
AutomationCheckoutCopy841,AutomationCheckoutCopy841
AutomationCheckoutCopy842,AutomationCheckoutCopy842
AutomationCheckoutCopy843,AutomationCheckoutCopy843
AutomationCheckoutCopy844,AutomationCheckoutCopy844
AutomationCheckoutCopy845,AutomationCheckoutCopy845
AutomationCheckoutCopy846,AutomationCheckoutCopy846
AutomationCheckoutCopy847,AutomationCheckoutCopy847
AutomationCheckoutCopy848,AutomationCheckoutCopy848
AutomationCheckoutCopy849,AutomationCheckoutCopy849
AutomationCheckoutCopy850,AutomationCheckoutCopy850
AutomationCheckoutCopy851,AutomationCheckoutCopy851
AutomationCheckoutCopy852,AutomationCheckoutCopy852
AutomationCheckoutCopy853,AutomationCheckoutCopy853
AutomationCheckoutCopy854,AutomationCheckoutCopy854
AutomationCheckoutCopy855,AutomationCheckoutCopy855
AutomationCheckoutCopy856,AutomationCheckoutCopy856
AutomationCheckoutCopy857,AutomationCheckoutCopy857
AutomationCheckoutCopy858,AutomationCheckoutCopy858
AutomationCheckoutCopy859,AutomationCheckoutCopy859
AutomationCheckoutCopy860,AutomationCheckoutCopy860
AutomationCheckoutCopy861,AutomationCheckoutCopy861
AutomationCheckoutCopy862,AutomationCheckoutCopy862
AutomationCheckoutCopy863,AutomationCheckoutCopy863
AutomationCheckoutCopy864,AutomationCheckoutCopy864
AutomationCheckoutCopy865,AutomationCheckoutCopy865
AutomationCheckoutCopy866,AutomationCheckoutCopy866
AutomationCheckoutCopy867,AutomationCheckoutCopy867
AutomationCheckoutCopy868,AutomationCheckoutCopy868
AutomationCheckoutCopy869,AutomationCheckoutCopy869
AutomationCheckoutCopy870,AutomationCheckoutCopy870
AutomationCheckoutCopy871,AutomationCheckoutCopy871
AutomationCheckoutCopy872,AutomationCheckoutCopy872
AutomationCheckoutCopy873,AutomationCheckoutCopy873
AutomationCheckoutCopy874,AutomationCheckoutCopy874
AutomationCheckoutCopy875,AutomationCheckoutCopy875
AutomationCheckoutCopy876,AutomationCheckoutCopy876
AutomationCheckoutCopy877,AutomationCheckoutCopy877
AutomationCheckoutCopy878,AutomationCheckoutCopy878
AutomationCheckoutCopy879,AutomationCheckoutCopy879
AutomationCheckoutCopy880,AutomationCheckoutCopy880
AutomationCheckoutCopy881,AutomationCheckoutCopy881
AutomationCheckoutCopy882,AutomationCheckoutCopy882
AutomationCheckoutCopy883,AutomationCheckoutCopy883
AutomationCheckoutCopy884,AutomationCheckoutCopy884
AutomationCheckoutCopy885,AutomationCheckoutCopy885
AutomationCheckoutCopy886,AutomationCheckoutCopy886
AutomationCheckoutCopy887,AutomationCheckoutCopy887
AutomationCheckoutCopy888,AutomationCheckoutCopy888
AutomationCheckoutCopy889,AutomationCheckoutCopy889
AutomationCheckoutCopy890,AutomationCheckoutCopy890
AutomationCheckoutCopy891,AutomationCheckoutCopy891
AutomationCheckoutCopy892,AutomationCheckoutCopy892
AutomationCheckoutCopy893,AutomationCheckoutCopy893
AutomationCheckoutCopy894,AutomationCheckoutCopy894
AutomationCheckoutCopy895,AutomationCheckoutCopy895
AutomationCheckoutCopy896,AutomationCheckoutCopy896
AutomationCheckoutCopy897,AutomationCheckoutCopy897
AutomationCheckoutCopy898,AutomationCheckoutCopy898
AutomationCheckoutCopy899,AutomationCheckoutCopy899
AutomationCheckoutCopy900,AutomationCheckoutCopy900
AutomationCheckoutCopy901,AutomationCheckoutCopy901
AutomationCheckoutCopy902,AutomationCheckoutCopy902
AutomationCheckoutCopy903,AutomationCheckoutCopy903
AutomationCheckoutCopy904,AutomationCheckoutCopy904
AutomationCheckoutCopy905,AutomationCheckoutCopy905
AutomationCheckoutCopy906,AutomationCheckoutCopy906
AutomationCheckoutCopy907,AutomationCheckoutCopy907
AutomationCheckoutCopy908,AutomationCheckoutCopy908
AutomationCheckoutCopy909,AutomationCheckoutCopy909
AutomationCheckoutCopy910,AutomationCheckoutCopy910
AutomationCheckoutCopy911,AutomationCheckoutCopy911
AutomationCheckoutCopy912,AutomationCheckoutCopy912
AutomationCheckoutCopy913,AutomationCheckoutCopy913
AutomationCheckoutCopy914,AutomationCheckoutCopy914
AutomationCheckoutCopy915,AutomationCheckoutCopy915
AutomationCheckoutCopy916,AutomationCheckoutCopy916
AutomationCheckoutCopy917,AutomationCheckoutCopy917
AutomationCheckoutCopy918,AutomationCheckoutCopy918
AutomationCheckoutCopy919,AutomationCheckoutCopy919
AutomationCheckoutCopy920,AutomationCheckoutCopy920
AutomationCheckoutCopy921,AutomationCheckoutCopy921
AutomationCheckoutCopy922,AutomationCheckoutCopy922
AutomationCheckoutCopy923,AutomationCheckoutCopy923
AutomationCheckoutCopy924,AutomationCheckoutCopy924
AutomationCheckoutCopy925,AutomationCheckoutCopy925
AutomationCheckoutCopy926,AutomationCheckoutCopy926
AutomationCheckoutCopy927,AutomationCheckoutCopy927
AutomationCheckoutCopy928,AutomationCheckoutCopy928
AutomationCheckoutCopy929,AutomationCheckoutCopy929
AutomationCheckoutCopy930,AutomationCheckoutCopy930
AutomationCheckoutCopy931,AutomationCheckoutCopy931
AutomationCheckoutCopy932,AutomationCheckoutCopy932
AutomationCheckoutCopy933,AutomationCheckoutCopy933
AutomationCheckoutCopy934,AutomationCheckoutCopy934
AutomationCheckoutCopy935,AutomationCheckoutCopy935
AutomationCheckoutCopy936,AutomationCheckoutCopy936
AutomationCheckoutCopy937,AutomationCheckoutCopy937
AutomationCheckoutCopy938,AutomationCheckoutCopy938
AutomationCheckoutCopy939,AutomationCheckoutCopy939
AutomationCheckoutCopy940,AutomationCheckoutCopy940
AutomationCheckoutCopy941,AutomationCheckoutCopy941
AutomationCheckoutCopy942,AutomationCheckoutCopy942
AutomationCheckoutCopy943,AutomationCheckoutCopy943
AutomationCheckoutCopy944,AutomationCheckoutCopy944
AutomationCheckoutCopy945,AutomationCheckoutCopy945
AutomationCheckoutCopy946,AutomationCheckoutCopy946
AutomationCheckoutCopy947,AutomationCheckoutCopy947
AutomationCheckoutCopy948,AutomationCheckoutCopy948
AutomationCheckoutCopy949,AutomationCheckoutCopy949
AutomationCheckoutCopy950,AutomationCheckoutCopy950
AutomationCheckoutCopy951,AutomationCheckoutCopy951
AutomationCheckoutCopy952,AutomationCheckoutCopy952
AutomationCheckoutCopy953,AutomationCheckoutCopy953
AutomationCheckoutCopy954,AutomationCheckoutCopy954
AutomationCheckoutCopy955,AutomationCheckoutCopy955
AutomationCheckoutCopy956,AutomationCheckoutCopy956
AutomationCheckoutCopy957,AutomationCheckoutCopy957
AutomationCheckoutCopy958,AutomationCheckoutCopy958
AutomationCheckoutCopy959,AutomationCheckoutCopy959
AutomationCheckoutCopy960,AutomationCheckoutCopy960
AutomationCheckoutCopy961,AutomationCheckoutCopy961
AutomationCheckoutCopy962,AutomationCheckoutCopy962
AutomationCheckoutCopy963,AutomationCheckoutCopy963
AutomationCheckoutCopy964,AutomationCheckoutCopy964
AutomationCheckoutCopy965,AutomationCheckoutCopy965
AutomationCheckoutCopy966,AutomationCheckoutCopy966
AutomationCheckoutCopy967,AutomationCheckoutCopy967
AutomationCheckoutCopy968,AutomationCheckoutCopy968
AutomationCheckoutCopy969,AutomationCheckoutCopy969
AutomationCheckoutCopy970,AutomationCheckoutCopy970
AutomationCheckoutCopy971,AutomationCheckoutCopy971
AutomationCheckoutCopy972,AutomationCheckoutCopy972
AutomationCheckoutCopy973,AutomationCheckoutCopy973
AutomationCheckoutCopy974,AutomationCheckoutCopy974
AutomationCheckoutCopy975,AutomationCheckoutCopy975
AutomationCheckoutCopy976,AutomationCheckoutCopy976
AutomationCheckoutCopy977,AutomationCheckoutCopy977
AutomationCheckoutCopy978,AutomationCheckoutCopy978
AutomationCheckoutCopy979,AutomationCheckoutCopy979
AutomationCheckoutCopy980,AutomationCheckoutCopy980
AutomationCheckoutCopy981,AutomationCheckoutCopy981
AutomationCheckoutCopy982,AutomationCheckoutCopy982
AutomationCheckoutCopy983,AutomationCheckoutCopy983
AutomationCheckoutCopy984,AutomationCheckoutCopy984
AutomationCheckoutCopy985,AutomationCheckoutCopy985
AutomationCheckoutCopy986,AutomationCheckoutCopy986
AutomationCheckoutCopy987,AutomationCheckoutCopy987
AutomationCheckoutCopy988,AutomationCheckoutCopy988
AutomationCheckoutCopy989,AutomationCheckoutCopy989
AutomationCheckoutCopy990,AutomationCheckoutCopy990
AutomationCheckoutCopy991,AutomationCheckoutCopy991
AutomationCheckoutCopy992,AutomationCheckoutCopy992
AutomationCheckoutCopy993,AutomationCheckoutCopy993
AutomationCheckoutCopy994,AutomationCheckoutCopy994
AutomationCheckoutCopy995,AutomationCheckoutCopy995
AutomationCheckoutCopy996,AutomationCheckoutCopy996
AutomationCheckoutCopy997,AutomationCheckoutCopy997
AutomationCheckoutCopy998,AutomationCheckoutCopy998
AutomationCheckoutCopy999,AutomationCheckoutCopy999
AutomationCheckoutCopy1000,AutomationCheckoutCopy1000
